Date,Actual,Linear,Ridge,XGBoost,LightGBM,Random_Forest,Ensemble
2024-04-26,0.024505247443103177,-0.001908635759578201,-0.0019136994923531583,-0.002155359,-1.845959322200597e-05,-0.0006134900821627611,-0.0009517112636843035
2024-04-29,-0.018439960645972392,0.009468392501772237,0.009000929138204428,-7.9691294e-05,0.0005843449620074249,0.0013405468700920414,0.0005996931374231576
2024-04-30,-0.006065286797130737,0.0045160748560918096,0.004297068727108857,-0.0010670357,0.00030537339934791943,-0.0011976829685306709,-0.0006575900443160171
2024-05-01,0.021792640347870578,0.00029192896575358073,4.782649592678634e-06,-0.001819881,-4.22802139369527e-05,0.0015027760144256967,-0.000156829114606834
2024-05-02,0.05809555882808964,0.005554211868608965,0.005426046346247794,-0.0008134435,0.000643575930881416,0.001549770957342953,0.00043289842716956993
2024-05-03,-0.009148473488999687,0.0007342723461660091,0.00031842705383296535,0.0006607915,0.000696967181119452,-0.0017993400936375907,-0.0001252964558950975
2024-05-06,0.003790003223669653,-0.00712164659162187,-0.0074085786980028,0.00074483524,0.0011611111057186095,-0.002054614007371681,-2.6151968359165072e-05
2024-05-07,0.0018623879852978232,0.004106063793549181,0.0033516729639307473,-4.497997e-05,0.0016862155777227165,-0.0028717066476930415,-0.00039189190800164783
2024-05-08,0.009964512819797627,0.004352329208654726,0.00341429504442596,-0.00050230575,8.180622058166762e-06,-0.002256118573639598,-0.0009031896920220367
2024-05-09,-0.0069141269166176815,0.0006367094784953313,-0.00022039347022153623,-0.00049387594,0.0012501130190770333,-0.0008946233944638165,-4.9632228385969616e-05
2024-05-10,0.017491548735131382,0.0016888173356860857,0.0014361975564122047,9.251041e-05,0.0012501130190770333,-0.0005089563431723874,0.0002786023850784781
2024-05-13,0.006154429740651709,0.0006987353127015396,0.0004496715911160625,0.00070829625,0.0012500957039750678,-0.0011193506378256951,0.0002938929865809232
2024-05-14,0.012143894640985729,-0.0008096866394920268,-0.0013291611568929137,0.00033998804,0.0012500957039750678,-0.002196947803997923,-0.00018326150093341323
2024-05-15,0.0006321667654733466,-0.002353457873458642,-0.0029594380581661494,0.00014751812,0.0016782911386978145,-0.002625647036674726,-0.00024799835040082265
2024-05-16,0.0001581616544298455,0.00115956664854996,0.0006786157352134495,0.001091324,0.0013751474690837486,-0.0003817173940726387,0.0007070415694896366
2024-05-17,0.006143153588128391,0.0019626533382812858,0.0015015747213026234,0.00090443523,0.00041954354298574337,0.00040609824195901015,0.0005831903195245764
2024-05-20,0.006833891013487515,0.003480270724569058,0.0033324161392039122,0.00052133726,0.0004195262278837771,0.00052198465727732,0.00048807302760356364
2024-05-21,-0.007567051476732387,-0.0005523815413889059,-0.0006021950840261644,0.0009362908,0.0005445606778904924,0.0005337736541199271,0.0006768111121752128
2024-05-22,-0.021282774208948477,0.0017157623294006253,0.0017774384119215445,0.00029548147,0.00041954354298574337,0.0009295466536238374,0.0005420554042608624
2024-05-23,0.0164519531354596,0.003780246456329652,0.003951873084005098,0.00046648429,0.0005632966339353589,-0.001735299356190335,-0.00021584737309859127
2024-05-24,5.2576459165805434e-05,0.0010697514864403854,0.0012899027679506166,-0.00011227363,0.00041954354298574337,0.00042563334561384686,0.0002373395627777881
2024-05-28,0.0015778700348933006,0.0025566444442690827,0.002767587425716539,0.00023622075,0.001375130153981783,0.00017617948483380214,0.0005918098518309585
2024-05-29,0.005241362969396643,0.0022816779710203346,0.0025465089719697892,0.0004953449,0.0008885215178191279,1.530925832335101e-06,0.0004646742504854437
2024-05-30,0.005006067683534732,0.004536503699928782,0.004648108414069474,0.0011072082,0.00037034234674085994,-0.00016272309694977008,0.0004527032755634406
2024-05-31,0.009216157869756535,0.003181132080864817,0.0030841932074684524,-0.00036943902,0.0008569682980054811,-2.0984326708901538e-05,0.0001474186696866543
2024-06-03,0.0016478380901446253,0.003061607642263522,0.003224574855726855,-0.00026853685,0.0008569509829035153,-7.949995971139497e-05,0.00016338301087501415
2024-06-04,0.007790499154828682,-0.0021352269941903052,-0.001921339260506653,-7.264094e-05,0.00098198543291023,-0.0002166283774652814,0.0002279307348406749
2024-06-05,-0.007121787854967978,-0.002105861603498688,-0.0020956788246533223,-0.000114691655,0.0005966429595208306,9.685551197896335e-05,0.00018816526680907013
2024-06-06,0.012315839721122683,-0.002987470608414914,-0.0030342387285716304,-0.0002783051,0.000721677409527546,-0.0007175235066996698,-9.1521135948953e-05
2024-06-07,-0.019333530531070463,-7.259902885536993e-05,-3.570707198991983e-05,4.2141677e-05,0.0005966429595208306,-0.0006328995577741804,5.759786571386322e-06
2024-06-10,0.07013137163184666,-0.004897906535092831,-0.0047632299456164,0.00043216845,0.004139778494781035,0.0007276190224650047,0.0017489718172730012
2024-06-11,0.028177788783036704,-0.00039218116377739715,-0.0002629972234685585,0.00052221515,-0.0050164441773523395,-0.0021409572277323267,-0.0021655462684133766
2024-06-12,0.005476015484430527,-0.01952072487606672,-0.019964886972867458,0.0007440224,-0.006906950348119378,-0.00604810674838561,-0.0039787352007487715
2024-06-13,-0.008201877602208267,-0.011989023961236057,-0.013222117415760482,0.0007440224,-0.0019783446639671178,-0.007115898518057078,-0.0027021369990388564
2024-06-14,0.01948046831688746,-0.0067757629840352815,-0.007732817528937959,-0.00046344765,-0.0012864023339421097,-0.008410728233555613,-0.00331259078428302
2024-06-17,-0.011045210295960742,-0.003777817984037232,-0.005803929230133194,-0.00012246649,-0.0012864196490440759,-0.010290270987619527,-0.0038042042896479517
2024-06-18,-0.021747655160835225,-0.005843031642858792,-0.0062932021181998175,0.00021465645,-0.0009832759794300094,-0.010276932752550422,-0.003583272774145504
2024-06-20,-0.010499394750251386,-0.001769556851910298,-0.0021315864270449016,-0.0005433834,-0.0012434113288678026,-0.011914341348769194,-0.004462695688981754
2024-06-21,0.0031276688581460344,0.005049626087220566,0.00480471360172539,-0.0006758805,-0.0015714662223234152,-0.0067791162933757785,-0.0029507541599918057
2024-06-24,0.004458337799162011,-0.0023236811283715965,-0.0028604029927568626,-0.0005409984,-0.0022054096372535695,-0.0084613035210417,-0.003658490104735127
2024-06-25,0.019795998917311906,0.004336086569729336,0.0034515225807831462,-0.00030690985,-0.002301787355871869,-0.00730586042264547,-0.0032343132688450976
2024-06-26,0.00397806698612721,-0.005314553281569876,-0.005758051134454109,-0.0011664426,-0.001346166114671896,-0.006897129786393722,-0.003084777129352197
2024-06-27,-0.016387805165370795,-0.0027237779477860876,-0.0033026347223859046,-0.0007988778,-0.002301770040769902,-0.0069108728860229115,-0.003276591307619795
2024-06-28,0.028689089134624444,-0.0009157962795078697,-0.001192766893866409,-0.001259026,-0.002628069671610434,-0.00957119415172572,-0.004406445329426064
2024-07-01,0.016109552342613274,-0.0014145575375015594,-0.0018316325423387322,-0.0003737741,-0.004496297536329848,-0.006943947700963786,-0.0038627227585083302
2024-07-02,0.005794185025533637,-0.005262486630281457,-0.005776714985540009,0.00011772518,-0.004371263086323133,-0.006863313265939045,-0.0036251357543232057
2024-07-03,0.021389894686700706,-0.003676436189585088,-0.003919937237143159,0.00055713364,-0.007600553259696226,-0.009082490175225536,-0.0052562309071794685
2024-07-05,0.006517733480224935,-0.009624208211187252,-0.009881635658219503,0.00015448284,-0.0021767355907631875,-0.010950782181744709,-0.004215719913257429
2024-07-08,0.0037677402291072513,-0.005450397301526832,-0.005952340672283812,0.00055713364,-0.0021767529058651543,-0.012395389986904393,-0.004544878149571518
2024-07-09,0.018628990350773394,-0.007418717984633916,-0.007427869892306446,8.295596e-05,-0.002301787355871869,-0.012106352207209192,-0.004656543288819423
2024-07-10,-0.0234948060571208,-0.007850530290891824,-0.007651656765922775,0.00037558278,-0.002301770040769902,-0.012807883341711512,-0.004782748352164327
2024-07-11,0.012966479037538656,-0.005154658014721748,-0.0046749086409455624,-0.0020527393,-0.0020799154711741577,-0.013329831335925451,-0.0057201823102870485
2024-07-12,0.01660477788346417,-0.0069551007517806625,-0.006133226924907795,-0.00019821912,-0.002301770040769902,-0.01117936514524922,-0.004453222030410061
2024-07-15,0.001790222992436432,-0.010399368687207613,-0.009516049304151994,-0.00033979714,-0.0035406936102318444,-0.012043465604935839,-0.005190556375552258
2024-07-16,-0.025621504522638762,-0.011910997720400125,-0.011209080754133854,-0.000111732465,-0.002301787355871869,-0.010779693656648152,-0.004293615323977844
2024-07-17,-0.020748555293918072,-0.0028304350498733564,-0.0023616476316897605,-0.0005433834,-0.004753069251567421,-0.01255836477190183,-0.005827347241390965
2024-07-18,0.0005797565740786449,-0.0008119255728554875,-0.0002901785893153029,-0.00018207601,-0.006192295399589302,-0.011154882998625198,-0.005720838049100288
2024-07-19,-0.0015613798438818274,-0.00449088516121675,-0.004263247975395812,0.0001753909,-0.0028955019074274526,-0.008325199824849425,-0.0035934281947033425
2024-07-22,0.00467725519591824,-0.001710069110659391,-0.0017926320323919383,-0.00039624376,-0.004272007329095223,-0.008678416100286942,-0.004359309026768003
2024-07-23,-0.02917575058877708,-0.0053308757970815315,-0.005465586323279314,1.3460391e-05,-0.005026435549696353,-0.008188734632529867,-0.00430696806210496
2024-07-24,-0.004816203333158976,-0.003643115602791254,-0.0034350577499700457,-0.000344942,-0.004938844007722279,-0.008329362887139199,-0.004447894560126604
2024-07-25,0.0021585889168413237,-0.002094937853147005,-0.001886932681466419,-0.0014839108,-0.005377732813394575,-0.008173325051565452,-0.004936340735223676
2024-07-26,0.0012839216114471073,-0.006713011614272088,-0.006391220779816136,-0.00039562778,-0.00520243696657852,-0.004695871591015999,-0.003373548692850765
2024-07-29,0.0025626270456538046,-0.006691489462921024,-0.006154542817763403,-0.0015127579,-0.007277529210632768,-0.004962631516991149,-0.004530387331782645
2024-07-30,0.014879606517217859,-0.005239931710463537,-0.004978768871483231,-0.0018064767,-0.006087882296244347,-0.0049242737363357995,-0.004227937594346622
2024-07-31,-0.016892656848242902,-0.004442898463697719,-0.004154733396571105,-0.0025417665,-0.005766076928259496,-0.007731417798365137,-0.0052873089463170864
2024-08-01,0.0068459905844397645,-0.011574492038552044,-0.01123183554522844,-0.0025450042,-0.00577792278562138,-0.008554007741390635,-0.005559179509874307
2024-08-02,-0.04936570244789984,-0.00380450266996303,-0.0036661625272132454,-0.0024528145,-0.0017044082085694605,-0.008810317213700111,-0.004268983425253687
2024-08-05,-0.009796199180899759,-0.005857185508844492,-0.005289704134840756,-0.00047477346,-0.0030412203768196565,-0.01704531830444792,-0.006695436653905204
2024-08-06,0.012420990585683774,-0.002727480775162879,-0.0025704124672875544,-0.0010154749,-0.0006399848130328735,-0.0040537116608447355,-0.0018775315690381933
2024-08-07,0.016496458422253012,-0.0076275329193802,-0.007720412123909668,-0.0023249942,-0.001086244547073488,-0.004485537810566298,-0.0026181867553040847
2024-08-08,0.013642437734129192,-0.014344614394027141,-0.014284010309349468,-0.0024657852,-0.0027292053203559247,-0.009700284039170786,-0.004899647459901228
2024-08-09,0.007104555157224513,-0.009632470760686492,-0.009706237670876227,-0.0016524983,-0.0028264109594212665,-0.005652389409670855,-0.0033367976249362432
2024-08-12,0.017046978109110288,-0.009676544187248197,-0.009894614648300605,-0.0012970826,-0.004251093585551349,-0.00709015797687248,-0.004149241782000437
2024-08-13,0.0020317344886847037,-0.011984023460262342,-0.012523734300239814,-0.0011075882,-0.004355150138776291,-0.005968937418086674,-0.0037541427891836865
2024-08-14,0.013439710748075196,-0.011687939377396211,-0.012144550515091751,-0.00031388208,-0.0031729598191657543,-0.005068454095938581,-0.002797790922718553
2024-08-15,0.005901075846388807,-0.012691301682010544,-0.013180771166546819,-0.0008217817,-0.003601137938786534,-0.006042481499868287,-0.0034307008986774303
2024-08-16,-0.0007080082199384163,-0.008966494849330004,-0.009428581421178367,-0.0008584623,-0.0031729598191657543,-0.005772194265071917,-0.003214726815219166
2024-08-19,0.0027408712862878443,-0.011027319045587132,-0.01104473944408775,-0.00050928013,-0.004355150138776291,-0.006470695750958946,-0.0037096592714053493
2024-08-20,-0.00048572589701869034,-0.008796250576877376,-0.008595704021318125,0.00025851096,-0.005060685164860865,-0.006791297385954049,-0.0037800323032917992
2024-08-21,-0.008294122631448152,-0.010762227867839225,-0.010248436769184261,-0.0006471338,-0.004918333366142443,-0.0062581392198118365,-0.0038739146867484125
2024-08-22,0.010235747785970877,-0.006984242773463951,-0.006513903273574317,-0.00052267185,-0.002479749946842286,-0.004942403912694473,-0.002600951004508815
2024-08-23,0.0014976335419392389,-0.00854709001164959,-0.00809221942933943,-0.00052130787,-0.004052948940426693,-0.0037488506911088413,-0.002731344296430147
2024-08-26,0.0037346038120536456,-0.008754186144928247,-0.008193517058736808,-6.430368e-05,-0.001215214313552084,-0.0026865286614858974,-0.0012939547643207596
2024-08-27,-0.006776439034797424,-0.007102072379262608,-0.0064524736389458565,-5.079448e-06,-0.0013402487635587996,-0.0035517366220931585,-0.0015952867987751617
2024-08-28,0.014465145148880126,-0.010258783173652619,-0.00970683882251132,-0.00076149823,-0.0005096619723655425,-0.003983914608668052,-0.0017239965613501215
2024-08-29,-0.0034439641183555787,-0.00902306969079985,-0.008426845178965523,-0.0004589999,-0.0019578265159432328,-0.002836352251929459,-0.0017238225003997467
2024-08-30,-0.02758205926890721,-0.008625532559664738,-0.008036014845246308,-0.00044008484,-0.0005096619723655425,-0.002959474080369982,-0.001280330462891164
2024-09-03,-0.008656118486674984,-0.010329083773171157,-0.009466946137145172,6.0849045e-05,-0.00044703004544005743,-0.0034894695705304634,-0.0012581128135862223
2024-09-04,0.00690389062052107,-0.0002831885962331225,0.0005221867848947278,-0.001218569,-0.0035130938254839573,-0.004264762660659298,-0.0029624630983224975
2024-09-05,-0.007039776842194427,-0.004326556787939199,-0.0030250055302839837,-0.0011440213,-0.0015931767816437191,-0.0068492356955819405,-0.00314281413431567
2024-09-06,0.0004076032823670595,-0.00936066765795627,-0.007981952414355576,-0.0009889678,-0.0036882992061271786,-0.006754515514125306,-0.0037483002139060786
2024-09-09,-0.003628047529207902,-0.01084369169734215,-0.008984037558205527,-0.0011981706,-0.0019576210766650047,-0.006234783367168458,-0.003082254636746719
2024-09-10,0.011518428323766951,-0.014407104610961981,-0.012168360811843054,-0.0007847189,-0.0021521919445533135,-0.007448177770073275,-0.0033967323092053804
2024-09-11,0.0004940206314221632,-0.015218348269752829,-0.01289511455960833,-0.001007939,-0.0032297413009578753,-0.0064648780850024064,-0.0035099103295396583
2024-09-12,-0.0012128122057427316,-0.0185619967364927,-0.01640228901343385,-0.001011463,-0.0012840955945850683,-0.0066808012163717505,-0.0029404753642081555
2024-09-13,-0.028168381728534583,-0.01264190309283145,-0.01063378021863743,-0.000915039,-0.0021617954467177507,-0.007144190804762658,-0.0033464242350313136
2024-09-16,0.002170439875762155,-0.01427622009492069,-0.01210428277412669,-0.0017276569,-0.0035656014397098855,-0.0077320008250998966,-0.004280873941210859
2024-09-17,0.017829811688005414,-0.008423183071096137,-0.006776365191406817,-0.0016768851,-0.0031305150845951524,-0.007288354457080312,-0.003976093794356343
2024-09-18,0.036395241425390926,-0.007375874036275567,-0.006171331910470449,-0.002439263,-0.0012891539637762868,-0.005765486271410222,-0.0031398028297424272
2024-09-19,-0.002931826092953033,-0.006302537436352783,-0.005303719863134002,-0.0007254819,-0.0034099719875528138,-0.005041878420394629,-0.003009796054458182
2024-09-20,-0.007609837063132509,-0.0029082227933017292,-0.0014981327536012093,-0.0013090384,-0.008139873273871286,-0.006761372032525886,-0.005327300248092151
2024-09-23,0.003966123923665201,-0.008464017823397594,-0.00823267674126695,-0.001378039,-0.003990318948840575,-0.006757469518006701,-0.003983487844950411
2024-09-24,-0.0044077920185332,-0.005868620616070942,-0.005971182460537852,-0.001238539,-0.004820888424931865,-0.005347064419353311,-0.003751136152590801
2024-09-25,0.0050672747834295635,-0.007137379594381134,-0.007245863297806845,-0.0015837031,-0.0018467193504519328,-0.005109645652960309,-0.002814288479594141
2024-09-26,0.0011859335986876128,-0.008936900906605228,-0.009212195325128366,-0.0009768782,-0.001971753800458648,-0.005055477701537249,-0.0026276861079399553
2024-09-27,0.022614431919190426,-0.007860560932390787,-0.008458390014017707,-0.0010793582,-0.0018467193504519328,-0.004728793649128707,-0.0025160350049050484
2024-09-30,-0.029574783210967476,-0.001642782474914883,-0.002193589248109276,-0.00011734623,-0.001141201639469323,-0.00412329337196698,-0.0017540428040276686
2024-10-01,0.002516709842323122,-0.006609838268603737,-0.007161004621162833,-0.00069363037,-0.0017013224445907727,-0.0033259638858010206,-0.0018794617209490607
2024-10-02,-0.004906649546057622,-0.0007288922918733574,-0.0016176910954337222,-0.0017768905,-0.00245837975172327,-0.00478305698197665,-0.0029766830102570274
2024-10-03,0.004994771266885047,-0.004696885652617443,-0.005433318471395446,-0.001377456,-0.001994627375864136,-0.0056462201840363135,-0.0029656153745497363
2024-10-04,-0.022788478434021726,-0.005833551226967696,-0.006537675311567713,-0.0011467794,-0.002058133576699195,-0.004497777760706929,-0.0025340668734002182
2024-10-07,0.018236744961556348,-0.003851731810699844,-0.00469448887158242,-0.0012067065,-0.0044863615470675505,-0.00691147521374078,-0.004137444541437421
2024-10-08,0.01656043075820059,-0.005091471213932495,-0.005605088176080001,-0.0003134348,-0.0015715249405365394,-0.0044361500954637895,-0.002065164072466452
2024-10-09,-0.002180565757251618,-0.002694012338354205,-0.00325389203288795,-0.00063707604,-0.001727622417889802,-0.003293367172251296,-0.001857957514268118
2024-10-10,-0.006526592924350963,-0.0023173406579317475,-0.0028466721622029656,-0.0006392194,-0.001727622417889802,-0.0038594012990344094,-0.002042321452815342
2024-10-11,0.016345611752852308,-0.005434251182029958,-0.005966486065804055,-0.0007641553,-0.0015715076254345733,-0.003921140095310671,-0.002054218691410813
2024-10-14,0.010964223700755001,0.002051293268297144,0.0014897963351906632,0.0001940032,-0.0018526741829984832,-0.003261801281836102,-0.0016010112425318356
2024-10-15,-0.008891360997468364,-0.0011116006269453005,-0.0014125729696153225,0.00015518974,-0.0008970702569004767,-0.0036910013164632737,-0.0014390083374036134
2024-10-16,0.0015952077440672923,-0.004018619458861159,-0.004026763780050474,-0.00019983503,-0.001852656867896517,-0.0039074641100916374,-0.0019468841207489094
2024-10-17,0.012201741446139239,-0.003243744377723033,-0.0029536242605357273,-0.0004629857,-0.001852656867896517,-0.004108419993297229,-0.002103229596314535
2024-10-18,0.006278084577474756,-0.002702859081668868,-0.002203955663819366,0.0006122994,-0.001022087391805226,-0.0038570798438012617,-0.0013757095703621038
2024-10-21,-0.002625164359778162,-0.0011388513617689837,-0.0004846606319949888,2.0887659e-05,-0.0008970702569004767,-0.0035444298129401804,-0.001437982781815167
2024-10-22,-0.021860283213003803,-0.005466811169919136,-0.004797599428928478,-0.00045908574,-0.0010221047069071919,-0.004177122506881498,-0.0018506649235053465
2024-10-23,-0.000823625994815736,-0.007789661363668588,-0.007100527441520758,-0.001396555,-0.0015937844384076745,-0.0046392017607995275,-0.002513556901486735
2024-10-24,0.003636549032284828,-0.0052328587626380724,-0.004732852215861891,-0.00069479493,-0.0008600350819054127,-0.00419924254071608,-0.0018861207962651777
2024-10-25,0.008562606538802668,-0.0056178449601912974,-0.005174564917500619,-0.0009006837,-0.0007350006318986974,-0.0040072606518616865,-0.0018539878804384865
2024-10-28,0.0011562054870414215,-0.00262411901586501,-0.0023581488194714057,-0.00023071522,-0.0008970702569004767,-0.00509050653787664,-0.0020266853079270123
2024-10-29,-0.015395818635662731,-0.0015578206341681806,-0.0012560952549009134,-0.00015215391,-0.001141201639469323,-0.004100339755837495,-0.0017586540295814594
2024-10-30,-0.018377393862728672,-0.008170627706141487,-0.007996748724551455,-0.0004500947,-0.0018182441303837644,-0.006848185655761991,-0.0029762120183924323
2024-10-31,-0.013368578142622366,-0.00018998983707262107,5.860517702221751e-05,-0.0019854652,-0.0034430036212089237,-0.007828353418915902,-0.004361064073730588
2024-11-01,-0.004045777717688089,-0.004467353904263169,-0.004209261148289425,-0.0029662803,-0.002173200759450539,-0.006945316902147211,-0.003996215278567738
2024-11-04,0.0064654107941150485,-0.003234526920859457,-0.0031039239920799305,-0.0006624301,-0.003124761332956568,-0.005741745289127085,-0.003121071853927208
2024-11-05,-0.003272345239370778,-0.006145179062304212,-0.006329467881517329,-0.0012002594,-0.003346173501581582,-0.004331591195576376,-0.002922832989240092
2024-11-06,0.021146993635296214,-0.007629670260231675,-0.007663482324353066,-0.0010365975,-0.003931161651453169,-0.007678405446839212,-0.00414448364370641
2024-11-07,-0.0011889714121385414,-0.001157264765402557,-0.001201031585915494,-0.00034017087,-0.001403376292953199,-0.005426718336328625,-0.0023403944301500492
2024-11-08,-0.012101585643438287,-0.006669587426003862,-0.006957811874363139,-0.0012133599,-0.0017065199625672656,-0.006457631852017127,-0.0030771206534521934
2024-11-11,0.0,-0.004034642467880634,-0.004225221636667859,-0.0022432443,-0.0026608133664585065,-0.007158937586777667,-0.003975625011480816
2024-11-12,0.0039613681193352126,-0.00012216090422840836,-0.0002767856440172692,-0.00028821835,-0.0025156040254902907,-0.006454600043288705,-0.003022099494649442
2024-11-13,0.013676426842793,-0.00487992008767144,-0.005097938464209481,-0.0020940928,-0.002515586710388324,-0.006711366836633141,-0.0037309438129329913
2024-11-14,-0.014209659405648549,0.00016053056592958605,-0.0002708509978803581,-0.0014601235,-0.001177070449535275,-0.0053447935699154165,-0.0026272470714709655
2024-11-15,0.013332994360030487,-0.005151710679789409,-0.00567788253810608,-0.00170261,-0.0023912303018231986,-0.006127092434018511,-0.0033648450423328542
2024-11-18,0.0011395887601670345,-0.0013767325075338271,-0.0018479229922212315,-0.001093005,-0.0008600523970073792,-0.0035413777444600163,-0.0018106551055308293
2024-11-19,0.0031490337274675513,-0.0012666455235934594,-0.0017615360460465027,0.00040442645,-0.0007350179470006637,-0.0029762036739146105,-0.0010674285565935987
2024-11-20,-0.0020982312097700866,-0.004034950675986283,-0.00453585830428855,1.7755956e-06,-0.0007350006318986974,-0.0034475487825549166,-0.001359805466832508
2024-11-21,0.005890135969549004,-0.004182502589250764,-0.004771539052996791,0.00063249114,-0.0008600350819054127,-0.0037557457279537233,-0.0012824785358208938
2024-11-22,0.012966503684692939,-0.0028023686136814784,-0.0033215479300160865,0.00049299095,-0.0011411843243673567,-0.003349319070708275,-0.0012915390387941612
2024-11-25,0.009360398114540657,-6.000423752132683e-05,-0.00012780534518339385,-0.00022329934,0.00041556054290511565,-0.002496099475254065,-0.0007502414702890886
2024-11-26,-0.0005532952624121473,-0.002217550903925606,-0.0024668584038393475,0.0004422595,-0.001141201639469323,-0.004091701384552452,-0.0015499469363112683
2024-11-27,0.010164054625495886,-0.002563064237135847,-0.0028402858570488183,-0.00040080506,-0.0010161498743606412,-0.003879860349451956,-0.0017320837137566167
2024-11-29,0.009477546923704444,-0.00434259603355831,-0.004886875064602366,0.00025537072,-0.0018344386680404939,-0.0039256066655650595,-0.0017890870396858561
2024-12-02,0.0126909452049901,-0.004874673711517169,-0.005161840898318031,0.00036198358,-0.0008788520570444532,-0.0031291250637679314,-0.0011791030498601964
2024-12-03,0.0014824443881467553,-0.006883383184613746,-0.007201026769733795,0.00059004826,-0.0008788520570444532,-0.0033886199065135273,-0.0011842815712197407
2024-12-04,0.00012359585082470678,-0.00810067935289509,-0.008261994044676152,0.00036198358,-0.0006107244708776497,-0.002914869680155839,-0.0010213041892917054
2024-12-05,-0.000823312487509616,-0.00721356804629804,-0.007246224377897117,0.00077693706,-0.00048569002087093453,-0.0020281158677680038,-0.0005487275331090992
2024-12-06,0.015972889432687393,-0.005725015947964809,-0.00559050540618256,0.0005488724,-0.0006107244708776497,-0.0024057426537582413,-0.0007914050833948402
2024-12-09,0.004125320928681847,-0.007307970961784071,-0.007121048874269157,0.00077693706,-0.0004857073359729006,-0.0032529847953929754,-0.0009460807150937175
2024-12-10,-0.005179500693018436,-0.007777386044899878,-0.007625422539208318,0.00077693706,-0.0006107417859796157,-0.0028105306063304102,-0.0008437224205490326
2024-12-11,0.0059458742195809735,-0.006785646556107382,-0.006497397518383016,0.0005488724,-0.0006107244708776497,-0.001939570536906027,-0.0006401788486879819
2024-12-12,0.0006854592040054976,-0.006187856625663164,-0.005905676363432364,0.0004194701,-0.00048569002087093453,-0.0023197183932213935,-0.0007671499318593449
2024-12-13,0.011659484135205381,-0.007058215007735152,-0.006727825126665794,4.1536834e-05,-0.0006107244708776497,-0.002463116188687757,-0.0009857581008931608
2024-12-16,0.00967265571279634,-0.005530275366514382,-0.004941953321253826,0.00077693706,-0.0004857073359729006,-0.0016647302798925786,-0.00043085095026538877
2024-12-17,-0.021654504691534807,-0.004147172321328188,-0.003614019461899823,0.00077693706,-0.0004857073359729006,-0.0026209527800126866,-0.0007410495293043518
2024-12-18,0.006989997680731539,-0.0039507132783138795,-0.0033877998341158857,0.00060970173,0.0008031850632430683,-0.0026010565386698162,-0.00036809322296012085
2024-12-19,0.018641116244844182,0.0009483518650783749,0.001484000698198958,-0.00014535192,0.0012042858685187736,-0.0026270429494577624,-0.0005059912994774047
2024-12-20,0.0030602324920422715,-0.0042417354787578606,-0.003206983771526927,0.0007023894,-7.330223250591369e-05,-0.004131635135476617,-0.0011211331751885684
2024-12-23,0.011412822451557307,-0.00401191968270312,-0.0032797412630950584,0.00077693706,-0.00020078186621485833,-0.001270163575588541,-0.0002090275541978357
2024-12-24,0.0031706603557269688,-0.006619397954657512,-0.006040921879518582,0.00040849738,-0.0014943940618711799,-0.0013788983273816246,-0.0007979150889080387
2024-12-26,-0.013330656095926891,-0.007225150833539255,-0.006916923961565015,0.00030067947,-0.0013344776968182486,-0.002397209729043573,-0.0011129429720371604
2024-12-27,-0.013352258788576578,-0.007486602489417694,-0.006941294321466153,0.00027996994,-0.0010173362310016924,-0.004251376366285694,-0.0016171737258065203
2024-12-30,-0.007082823666737158,-0.003896408388281994,-0.0033318386852989068,0.00017690491,-0.0019710614732673915,-0.0033954569159679545,-0.0016892769054304762
2024-12-31,-0.026586286008633653,-0.004732358127910832,-0.0044249914866050085,0.00031640514,-0.0014751472219182405,-0.0003874670167020481,-0.0005018575395464527
2025-01-02,-0.002011468040457724,-0.0045105255471303,-0.004413801048835835,-0.002143552,-0.0021875907226439157,-0.00785179240800688,-0.004010021516020347
2025-01-03,0.006716463246120285,-0.0034965235972776697,-0.003940157180815829,-0.001198667,-0.0008830509034582955,-0.006582129278879487,-0.0028412496378991464
2025-01-06,-0.011453114152515327,-0.0018578308542899944,-0.002104391251338738,-0.00090647256,-0.0024407290351422233,-0.005227072218913846,-0.0028133963990005996
2025-01-07,0.0020208820731391964,-0.005040649058806595,-0.005265677203821231,-0.0016644091,-0.002390569575483576,-0.0063786146909601445,-0.003432988472084337
2025-01-08,-0.02439891229816131,-0.0030462756387488257,-0.003444086277723526,-0.0018701667,-0.001760750755590978,-0.006413446222545571,-0.0033081629494213045
2025-01-10,-0.010398045312126373,-0.001145556769296836,-0.0012046392633418587,-0.00051949813,-0.003182139264808222,-0.005846401464223895,-0.0031244052445394696
2025-01-13,-0.004789586640451314,-0.0002842692466711004,-0.000694450941542855,8.311029e-05,-0.0032581974865844477,-0.0004107850972469131,-0.0011773937142927416
2025-01-14,0.019484886048476428,0.00352975874662754,0.0026599311488991846,-0.00087987864,-0.0025957867054910272,-0.0023660304926758475,-0.0019271228057118756
2025-01-15,-0.041239063349724395,-0.0032100244977700315,-0.004068883845005108,-0.0017889799,-0.00255464882132168,-0.003859312231351254,-0.0027129093679373246
2025-01-16,0.00750699842770517,0.0035537279181974933,0.002440749322299256,0.00060792826,-0.0008935731604550218,-0.001510827742054059,-0.0005737798226069463
2025-01-17,-0.03243627513594106,0.0037488280235269435,0.0027798661886015695,-1.8453793e-05,-0.002271461597276625,-0.004919556400843358,-0.0023502887943873782
2025-01-21,0.005330873929507782,0.007435009597949145,0.006559590508312653,0.0011262629,-0.00114506787180602,0.0035713215337358933,0.0011716033429149868
2025-01-22,-0.0007598353518101169,0.009838180841643108,0.008849808229959339,0.00031960104,-0.0018231207297390755,0.0014985919748342568,-3.5006200386054507e-06
2025-01-23,-0.003942403994085478,0.0022917750488238636,0.0008645835063672137,0.00038946373,-0.0010968984045191174,0.001973547935919922,0.00041392054436177253
2025-01-24,0.03128574612118001,0.005932997467091515,0.00494813873628526,0.000103838975,0.0003719819040140504,0.00048067345642006357,0.00031439393085566257
2025-01-27,0.0358920530691136,0.0033287857473633872,0.0021923601851440836,-0.0014149013,0.001959996217593874,-0.004814323916118999,-0.0014064617583810853
2025-01-28,0.004606248776426157,0.001982682737023316,0.0002878103803682185,-0.0007765511,-0.002041999418893675,-0.007907231329689462,-0.0035065335272634708
2025-01-29,-0.0074222408144265315,-0.006373454168861152,-0.007958786551828531,-0.000551075,-0.0002749503984286908,-0.002403788185145789,-0.0010612224266755435
2025-01-30,-0.0067146479891791785,-0.0023639309532679327,-0.003946477442995728,-0.0009861799,-0.002197006364296996,-0.004620341073469639,-0.002563925569240486
2025-01-31,-0.034442427845016575,-0.006049825215432642,-0.007224039146242943,-0.00073216704,-0.006708121977892409,-0.00736465146515252,-0.004851700155578251
2025-02-03,0.020790327049243183,-0.00791784529846077,-0.008357021048449136,-0.0003397467,-0.002246454799485593,-0.00244162772015083,-0.001649509855775029
2025-02-04,-0.0014185590534160665,-0.004965471395976319,-0.0056322461136347314,-0.0011733702,-0.0032807095788547577,-0.006466246233205477,-0.003584443365585995
2025-02-05,0.0032210983393751286,-0.00939089338986352,-0.00981581711951237,-0.0008251107,-0.0036529328515839056,-0.006630666263798185,-0.00363971725285082
2025-02-06,-0.024260608952515035,-0.01321294854795408,-0.013328548225258216,-0.00089200167,-0.003609951086466355,-0.006758714246318611,-0.003690273166849196
2025-02-07,0.001186484492603538,-0.009886308036717386,-0.009918643189869352,-0.0026087482,-0.005096661906018306,-0.006379462405925853,-0.00465149869694078
2025-02-10,0.02159692967479855,-0.010586770618650907,-0.010165761823561043,-0.00051356875,-0.005357936343187069,-0.006881000633197892,-0.004174465262789881
2025-02-11,0.018105243650625984,-0.012204608184312394,-0.011584248388758015,-0.0012598071,-0.0050627806467820275,-0.006540598403512848,-0.004225340971141569
2025-02-12,0.01948224854777441,-0.009221055773788154,-0.008530120219479688,-0.0009897833,-0.0035787100239152753,-0.005475350175174466,-0.0032975337420264594
2025-02-13,0.012630594967861392,-0.013861864764515678,-0.013166906146237563,-0.00085285987,-0.0007521910133270774,-0.004253110846426656,-0.0019228363139292813
2025-02-14,-0.0005316274709570028,-0.010009354563123712,-0.009669765250976408,-0.000235383,-0.0038785518044097455,-0.005544599537126541,-0.003157411871987167
2025-02-18,0.0016348167622983812,-0.009473614546705653,-0.009098070941142315,-0.0003599486,-0.0030408389913513635,-0.006464105175761118,-0.0032229901927541926
2025-02-19,0.003912790097394392,-0.00967982241063074,-0.008756520297536813,-0.00013188396,-0.003242430717459611,-0.006184908205348851,-0.003119801259884687
2025-02-20,-0.0011396081644735152,-0.005354055133166864,-0.004175751052133692,0.00025022237,-0.003242430717459611,-0.00678298367428576,-0.0031814553113315063
2025-02-21,0.006292526993913915,-0.007167911166280433,-0.005440338169820985,-1.7914252e-05,-0.00241186124136832,-0.00672198275519216,-0.0029810426090142892
2025-02-24,-0.00024293974720204436,-0.007765141773106573,-0.005716761319720164,5.500482e-05,-0.003112510631612224,-0.006775929746017784,-0.0032040076903405122
2025-02-25,-0.027412372531608897,-0.008021568668809308,-0.005868708053195813,0.0002452364,-0.003165873441358078,-0.006599470317445936,-0.0030984404050670568
2025-02-26,-0.012812692210099893,-0.008543385687481359,-0.0061415245978581985,-0.0002357624,-0.002864461355408637,-0.00761488317660842,-0.003495203318125451
2025-02-27,0.01895121225632392,-0.007931447458525148,-0.005815610791164354,-0.0008828384,-0.0028862210276589177,-0.006856869645937391,-0.0034806163190591365
2025-02-28,-0.015879583888403534,-0.014133846185223188,-0.012040989032429415,-0.0012900291,-0.0040894837569723655,-0.005448963638593948,-0.0035611768973373183
2025-03-03,-0.008861679114480088,-0.007539585532001784,-0.005506929363992362,-0.00093871576,-0.005037262290039096,-0.008128981658191686,-0.0046209832534351
2025-03-04,-0.0008056225157174363,-0.006320057437927197,-0.0043031738142447935,-0.00092427863,-0.004718628496332953,-0.007528352464511761,-0.004316212007135197
2025-03-05,-0.0017406837006826556,-0.015321263388499642,-0.013349175455387632,-0.0014870657,-0.005963289710662535,-0.008432392642769581,-0.005214298996914285
2025-03-06,0.015767651839406743,-0.006564941948292052,-0.00467624355945241,-0.0010083676,-0.004723298664336112,-0.00697680143512037,-0.004167955162717539
2025-03-07,-0.04969407209630324,-0.010315366733119832,-0.008761455697445578,-0.001436812,-0.005299214287155835,-0.009066288377641687,-0.005183846862234953
2025-03-10,-0.029623874134185827,-0.0106121319006235,-0.008754623004467603,-0.00082331407,-0.008431158631069151,-0.004870545248959127,-0.004641581417614865
2025-03-11,-0.017633318754951263,-0.0009456230889633682,0.0003523316541085711,0.0017038702,-0.0019676080578804518,0.007245848103011132,0.0022928404087528384
2025-03-12,-0.03422260507355097,-0.001076274970452688,-0.00048595277045701036,0.000892621,-0.004230445957120518,0.001116462199474295,-0.0007217016192659609
2025-03-13,0.018007449695951448,0.007965119701413052,0.007520243128551324,0.0013617917,0.00931654644709152,0.007397881669352486,0.005939536221494957
2025-03-14,0.0023859725357845284,0.0018305414662339898,0.0008953512769871035,0.00066455634,0.0002922931994281363,0.005406668732963866,0.002080377793374316
2025-03-17,-0.006140242137349673,0.0005459475549443647,0.0004941662593467003,0.0011349985,-0.0037869516302009225,0.0023141510565338236,-0.00010316909806855833
2025-03-18,0.011917875237583938,0.005811367328452461,0.005790272462344746,0.0005229848,0.002842101429815043,0.002664326670447501,0.0019813734876833623
2025-03-19,-0.005310391928647177,-0.000730645685902637,-0.0008792876059786802,-0.00031814666,-0.0025204986436044414,-0.0017122676190530577,-0.0014956658167308724
2025-03-20,0.019289650746223203,0.0021553146874019576,0.0016740010232245638,7.092435e-05,0.002898952253810758,0.0002074461296636617,0.0010464886947546925
2025-03-21,0.011207392284337526,0.0014642016746915436,0.0009147427979097297,-0.0005036807,-0.0008534591018510639,-0.0007201150464083061,-0.0006891244076088548
2025-03-24,0.013589158362350683,-0.0027240903273674476,-0.004051974309782094,-0.0006736436,-0.0024546582146731453,-0.004767461851991925,-0.0025882337073536545
2025-03-25,-0.00997145867359556,0.0009408203321682026,-0.0008621199187711207,3.7536505e-05,-0.002079616016734343,-0.0039971940307074825,-0.001968504652298548
2025-03-26,0.010418344119140482,-0.0008799423836458409,-0.002454382326139774,-0.00043115014,-0.0004375954422373486,-0.0010509544603687776,-0.0006343802157012138
2025-03-27,-0.026940172464763608,-0.001052636363244387,-0.0027760654065112017,-0.000788617,-0.002388164126368489,-0.0031356588484991684,-0.002076807111836348
2025-03-28,0.01922667819794853,0.004389964037612151,0.0029468087186531548,0.0004957831,-0.0002168958647175881,-0.0027060969794735685,-0.0007775423950373851
2025-03-31,0.004760559211670022,-0.005973496009501649,-0.007122235318673635,-0.0007669331,-0.0011121683995553768,-0.004043257338797329,-0.0019435353489584263
2025-04-01,0.003131427791015978,0.0006395753245485616,-0.0005364968476140123,-0.0004434528,-0.0019450904605287029,-0.0034892147751860187,-0.0019260316015893037
2025-04-02,-0.0970132153771356,-0.0051027594049054045,-0.006016011107259213,-0.0004434528,-0.0024461566964381985,-0.005082150500705321,-0.002607781062432762
2025-04-03,-0.0756803959587411,0.0049898110637166815,0.004484576026276872,-0.0007767061,-0.002637195868467271,0.011342941395499469,0.002542170617376041
2025-04-04,-0.03742599941413784,0.020597007117596298,0.018701505495895495,0.0015530607,0.028881951222534917,0.028698607883504573,0.019358635166446092
2025-04-07,-0.051101924848845036,0.01780385094953958,0.013262594980078776,0.0016293225,0.02832259698643926,0.007633297899410357,0.012367270338903917
2025-04-08,0.14261746085092247,0.03703779860931425,0.02904760315930487,0.0018162114,0.02494834642521664,0.0039148728606773035,0.010114610815957959
2025-04-09,-0.04331863747127014,-0.03098823602718511,-0.030676286588305946,0.0003327934,-0.005125114860111733,-0.029740094279220308,-0.01122010727545901
2025-04-10,0.03979219156609035,0.004733140614367398,0.00536093292632378,0.0006261275,0.004100703974337475,0.004925329164152301,0.0031650291771764603
2025-04-11,0.021814324625151652,-0.01572296191869375,-0.014938596340413652,-0.00046094946,-0.012842571755649245,-0.014066243316776663,-0.008951821109105203
2025-04-14,-0.001878212594960682,-0.005751427885970903,-0.006168884043804864,-2.1132379e-05,0.005660205257961527,-0.004717508691420201,0.000326225516032142
2025-04-15,-0.039711394283448345,0.0007858285329798137,-0.0012298197730191644,0.00018753765,0.0016459573015642577,-0.0026651888167454553,-0.0002576104744348445
2025-04-16,0.013853093573358932,-0.0008908343988240253,0.0009587720084165221,0.00095546315,0.004527493553369228,0.003268646363169713,0.002882224934373355
2025-04-17,-0.01958320694582564,-0.0030081666896948503,-0.001367051427724596,7.915514e-06,-0.0038335357999973335,-0.0022805657147035156,-0.0019994569226212265
2025-04-21,0.03349770805221996,0.004965379819434255,0.006778705338399247,0.0010568843,0.005917052223732618,0.0012840500454465375,0.002731135840536841
2025-04-22,0.024040263112388,-0.014539483072812762,-0.012574664521981731,-0.0012411583,-0.0009727840945329054,-0.007596719153750914,-0.0032146507334473253
2025-04-23,0.018258409417234913,-0.00915045555691068,-0.007131667669649545,-1.7483995e-05,0.0028755312504889245,-0.0077810745152970505,-0.001583324587707956
2025-04-24,0.004357773952154758,-0.01776691429450846,-0.015816192397329558,0.00040987402,0.0015379241967336098,-0.008495567918742283,-0.0021075434355248457
2025-04-25,0.004100999953070603,-0.012958456242667286,-0.010998763200217065,0.0005551298,-0.003907054072646654,-0.007889219771520038,-0.0036535588468302894
2025-04-28,0.005078781813929427,-0.010276046148647792,-0.00878300773903366,6.333358e-05,0.0004596077266825658,-0.00601062559024563,-0.0017765593659184807
2025-04-29,0.006089227360143313,-0.008648689598642349,-0.006977937959316926,0.00017567474,0.0011941497706715373,-0.007296341582985491,-0.0019128459634294446
2025-04-30,0.003851392366518024,-0.011559632156677447,-0.009751085177882892,-0.00092174544,0.0007045390298474273,-0.006287371185547084,-0.002126911133379585
2025-05-01,-0.03807764715659128,-0.015482365210234906,-0.013685533228107945,-0.0010711836,-0.0004823616986642434,-0.008584939531856869,-0.0033148540682402597
2025-05-02,-0.03196382769866956,-0.014920529080284755,-0.013210143672916948,-0.00012021106,-0.003753586565720609,-0.009545754460406656,-0.0043743399124670035
2025-05-05,-0.0019125250163992628,0.0014964919057335263,0.002069356421941282,0.0013888476,0.0002600450683909212,-0.0001422234056286741,0.000520592363063961
2025-05-06,-0.011450129026667304,0.0038127160920605873,0.003879740677659961,0.0010291921,0.0029222200188778846,-0.0031112285504215765,0.0003095166546676822
2025-05-07,0.006298631440689827,-0.004479714260096646,-0.004314247893625391,-0.00016502281,0.0006982721483080489,-0.005176293626250199,-0.0015064125332455852
2025-05-08,0.0052522561730470926,-0.0015617949641287758,-0.0013248219380966077,-0.0014725348,0.0008546736260513392,-0.003880409547185705,-0.0014874469046571653
2025-05-09,0.06123260765537327,-0.009599292873602287,-0.00822813502498757,-0.002399169,-0.003962981735468875,-0.005452556648807915,-0.003904891364664011
2025-05-12,0.010101107307854204,-0.010819847001071291,-0.009900472202291247,-0.00033441908,-0.007682553289652262,-0.007819454420380494,-0.00518233858170024
2025-05-13,-0.002821717127117096,-0.00651265465819653,-0.005947957065271385,0.0007453613,-0.001466766003671355,-0.0037901098156095637,-0.0014543245215911601
2025-05-14,-0.0041531193839410676,-0.008126991614358462,-0.007761251852731637,0.00071244675,0.0004367493703935243,-0.004887691368637698,-0.0011949539649183303
2025-05-15,-0.0008990603888560591,-0.006753556260860734,-0.006399597905833368,-0.00029555213,-0.0010956747472403033,-0.00643691523683638,-0.002551320254537452
2025-05-16,-0.011808460823504164,-0.0021382981660012365,-0.0019754210195612357,-0.000125309,-0.0016230824036543759,-0.005282856856150963,-0.002291646838560691
2025-05-19,-0.00923883715308381,-0.004630329550784313,-0.003872058329073985,0.00047085498,0.001040020309332265,-0.004617403595462441,-0.0009923028716460713
2025-05-20,-0.023329135189360545,-4.109001805062526e-05,0.0005215610444191519,0.00096918293,0.0008989028615724316,-0.005577739626771226,-0.0011776850564739082
2025-05-21,-0.0036186981790262067,-0.001669732999145302,-0.0010143483903595788,0.0006186757,0.0005779914995756099,-0.005032658749289262,-0.0012279526259177643
2025-05-22,-0.030711201244835125,-0.0022890700842083007,-0.001738699503255375,-5.4498407e-05,0.0008784777145591044,-0.005730482982784315,-0.0015885642151304037
2025-05-23,0.024983634850397583,-0.0009634401818123767,-0.0006815631609121984,-0.00037186232,0.0010742992907181326,-0.0005773710266377389,3.7654492900067254e-05
2025-05-27,0.0010483354048508517,-0.004367911162413221,-0.0035167426962398117,-0.0017465223,-0.003288922588810681,-0.006691154596088952,-0.0038586480530093566
2025-05-28,-0.0023478901995321877,-0.0020491336246184063,-0.00120607292612689,-0.0015301758,-0.0010159171125013436,-0.005581279760095473,-0.002675161531230657
2025-05-29,0.004491076894813233,-0.008741306909049736,-0.007933697281100936,-0.0015897999,-0.0012278415892238335,-0.006483276394832186,-0.0030582097940458877
2025-05-30,0.004222971920528316,-0.004537618447409988,-0.0038990605178094158,-0.002351609,-0.001019930012129148,-0.007668891045880589,-0.003638248563479632
2025-06-02,0.007753855637832894,-0.0042199873463524586,-0.00400129382450873,-0.0020405215,-0.004132949080909919,-0.006546192064214743,-0.004191401477412723
2025-06-03,-0.0022162836174873693,-0.0012903951326592572,-0.0014211387196807058,-0.0016808873,-0.0013429671137439505,-0.006705587171004265,-0.0031997908718119483
2025-06-04,-0.010856493087603674,-0.0017224056473825924,-0.002103173043981763,-0.002734682,0.0009094231383000462,-0.007352616350309118,-0.003033009530045632
2025-06-05,0.016265311589657865,-6.912254108145115e-05,-0.0005684287840390007,-0.0019225538,0.0009185961350063178,-0.00644381541799195,-0.0024538526057168034
2025-06-06,-0.012186604353181927,-0.0016063063959406677,-0.0022767695730845543,-0.0021025888,-0.0010398579712652106,-0.006010197902215788,-0.0030204701743582066
2025-06-09,0.006037982155127377,-0.0011738062535917861,-0.0016496448472102898,-0.000708234,-0.0036351969797811003,-0.006710334825470896,-0.0036192352350588953
2025-06-10,-0.01938038025184682,-0.0015648568273699248,-0.0023046090655998055,-0.0011700095,-0.004451785562018207,-0.008488570930574991,-0.00462495666545012
2025-06-11,0.002110632335517544,-0.004113053874336282,-0.004923011107842315,-0.0025370028,-0.0045672938143255125,-0.008141688938266362,-0.005023991495703346
2025-06-12,-0.01390141153604722,-0.0064701618544518264,-0.007725421059371669,-0.0018342452,-0.003958578907829972,-0.006877928222942948,-0.004170142436378399
2025-06-13,0.00997806923497654,-0.00819358351615808,-0.009920027783146575,-0.002308454,-0.004502753991511035,-0.007166013699048855,-0.004607060138894415
2025-06-16,-0.014109748545778743,-0.003833583608331301,-0.005530143252701408,-0.0011819559,-0.0018315717276759468,-0.007257944351031746,-0.0033670432319461976
2025-06-17,0.004793205338059429,-0.007217422176232394,-0.008810863809335462,-0.00051893224,-0.0026053345843707826,-0.005307270106054355,-0.002759373221831181
2025-06-18,0.022235474358199368,-0.005782211994364649,-0.007027878411760164,-0.0016671494,-0.0038962970515089186,-0.006507903730795263,-0.003971715144996171
2025-06-20,0.0024843579641847862,0.000462370270121601,-0.0004157017837703893,-0.0013061903,0.0009646423143950304,-0.0015636288399677755,-0.0006420487824615486
2025-06-23,-0.005973029135193325,-0.0008805951072193181,-0.0019188907043186875,0.00080751703,-0.0008891424641091339,-0.004077072720580669,-0.0013356731045485297
2025-06-24,0.00627085632161283,-0.0017852938354565838,-0.0024133418920670086,-0.00016983708,-0.00074890964501646,-0.0018981809426218484,-0.0009212174072553952
2025-06-25,-0.0027821851506041706,0.0011974219269540326,0.0005300110447318203,0.00095196295,-0.00031276002972250124,-0.0022735012535647445,-0.000510755722984237
2025-06-26,0.0003979183634067224,-0.005870493368512359,-0.006277191853290446,0.00063249114,-0.0008600350819054127,-0.0033070353100832692,-0.0011369168762637182
2025-06-27,0.02013598512579886,-0.0012344110320568551,-0.0014972295444566418,-5.9087542e-06,-0.0007350006318986974,-0.004376057425061606,-0.0016636755291347144
2025-06-30,0.012833554762505453,0.00031578474900811947,0.00048636869854403836,0.00012464996,-0.0013758356588921886,-0.0024980538244115833,-0.0012202525982944643
2025-07-01,0.021987209167053007,0.0007939131178900544,0.0009360989918560129,0.00049299095,-0.0008970702569004767,-0.00394339194010116,-0.0014038695152083695
2025-07-02,0.005211293611914645,-0.0007930418847070461,-0.0005397554821873364,3.7363425e-05,-0.0006789008724118052,-0.004422178164152233,-0.0016451739638723435
2025-07-03,-0.01700149564758342,-0.004943427860467486,-0.004822291983142945,-0.0001116923,-0.001727622417889802,-0.004942505161813844,-0.002210944950545142
2025-07-07,0.00028576907769630084,-0.003648132863263086,-0.0032494297642078735,0.0002672903,-0.001457191062021926,-0.005296493494070088,-0.0021054461443159914
2025-07-08,0.005366195826791592,0.0006974427028059625,0.0010414237013800383,0.00016994643,-0.0010221047069071919,-0.004716719497020038,-0.0018078134428175523
2025-07-09,0.0059970332459500465,-0.004677473689495958,-0.004288248205648903,-0.00032268898,-0.001022087391805226,-0.003656041369237184,-0.0016343726582869766
2025-07-10,-0.005902207974138676,-0.002429975181579767,-0.0023613646696749456,-0.00076519715,-0.0014654468130400268,-0.0033861750650846425,-0.0018461111266854595
2025-07-11,-0.012101822196916256,0.0005964475121917819,0.0007905137698269173,-8.709308e-05,-0.0006289426707336732,-0.003879127479509209,-0.001495668819209762
2025-07-14,0.002346032753829585,0.0015523850335841527,0.0015680657841529364,0.00015542371,-0.0016047388028951465,-0.0036161950302951306,-0.001647695383474848
2025-07-15,0.005008797516134687,0.0071624182576411075,0.007175515944138029,0.0012763327,-0.0010221047069071919,-0.0032142384125193484,-0.0009371564065365996
2025-07-16,-0.0006664697157571819,0.0005861698409140659,0.0005737074855535164,-0.00022671663,-0.001022087391805226,-0.0034131185718712337,-0.0015223236775039378
2025-07-17,0.005508060298912894,0.0035922505287143327,0.003765335163342254,-0.00010037609,-0.001022087391805226,-0.0040664904050762936,-0.0016905131426532731
2025-07-18,0.006137078072563709,0.00498024843894478,0.005212185500350597,-0.00028485208,-0.0008319017705819015,-0.003581215133652979,-0.0015343642033512003
2025-07-21,0.008995498343452922,0.002193507631580339,0.0026287789610216243,-5.4763143e-05,-0.0010221047069071919,-0.0030959987271451626,-0.0013598910183406938
2025-07-22,-0.0011667067342310043,0.0039696923074463986,0.0044558184717437815,0.0002595036,-0.0008788520570444532,-0.0033180584467230184,-0.0012758920945204197
2025-07-23,-0.0018227390553003818,0.0031598938582117113,0.0037340414429624428,4.487967e-05,-0.0010038691919492023,-0.0028537934762527853,-0.001240798410068768
2025-07-24,0.0005611306155064072,0.004899648214199456,0.00542653731346153,0.00015722083,-0.0008788347419424872,-0.002983844172618977,-0.00120289803795346
2025-07-25,0.0007945872831611002,0.0018079023065064623,0.0023139547425249807,0.000711945,-0.0010038691919492023,-0.0033917814639073604,-0.001184250292478756
2025-07-28,-0.013072685194727512,0.004631074449482607,0.005348257151803535,0.0008892782,-0.0010038865070511685,-0.003278067837662747,-0.0010859390614039325
2025-07-29,-0.010563477354532497,-0.0024773188399943953,-0.001988585983588882,0.00082766847,-0.0011380490018267173,-0.0049022353486289395,-0.001678340346638063
2025-07-30,-0.007104751036829674,-0.00560193878341118,-0.005256686501858459,0.0006495591,-0.001195096491263923,-0.005692375979881433,-0.002015144784906037
2025-07-31,-0.025321677926800696,-0.003616797338201406,-0.003317858305670105,-0.00019420128,0.0004453328012577814,-0.006819751326116643,-0.0021329505600515076
2025-08-01,0.004781610667578509,-0.0035984385091960393,-0.003384585294467114,-0.0007692367,-0.006756726901422696,-0.007738426026534692,-0.005001799154748798
2025-08-04,-0.0021168857193060897,-0.003533749195712029,-0.0035625472246417727,-4.4903434e-05,-0.0017844452287029383,-0.007779033474655071,-0.0031266908224535416
2025-08-05,0.049653393530185774,-0.001225242158342166,-0.0012824402709019499,-0.00075457955,-0.003124761332956568,-0.006598178598373325,-0.0034308194059265162
2025-08-06,0.03129869520106027,0.0021435447437292265,0.002193456140897949,-0.0016088312,-0.004593408971938146,-0.0039605231434317574,-0.003354702403471488
2025-08-07,0.041485325469322876,0.0009134693355486923,0.00043302883128670854,0.0005279707,-0.002388953963901669,-0.003195034334941951,-0.0016402626259012648
2025-08-08,-0.00837230955100568,-0.00862942995420504,-0.010737881966674469,-4.052701e-05,-0.005593443386943969,-0.004908759726252006,-0.003448361118917719
2025-08-11,0.010813739262220462,-0.0019128935366655006,-0.004001042641449095,0.0003327934,-0.0016085900002640913,-0.005269349640119716,-0.0021238060781869493
2025-08-12,0.015897409188223566,0.004582018311375261,0.0019404461452683167,-0.00026371094,-0.003165873441358078,-0.005387586300312086,-0.0028816045860075882
2025-08-13,-0.0023599515483424664,-0.001140975160785444,-0.0026971290826776025,0.00048058212,-0.0022868267913616043,-0.006889223338508214,-0.0028214424651293985
2025-08-14,-0.005125312002106845,-0.0019987020249675105,-0.002916072994595787,-8.2160055e-05,-0.00241186124136832,-0.006504568461905757,-0.002932768158726744
2025-08-15,-0.0030271086609148412,-7.062937061154504e-05,-0.0006248344035137255,0.00018753765,-0.00241186124136832,-0.00646531609493903,-0.002826611409668538
2025-08-18,-0.0014302831382129908,0.003418638998529653,0.002955394183922208,0.00014590462,-0.0035123310291455233,-0.00515213848045199,-0.002777422971869027
2025-08-19,-0.01993191516264375,0.001716838888195477,0.0012233299375103098,0.0003327934,-0.001317820848687541,-0.00474603400644092,-0.0018582922050073896
2025-08-20,-0.004923405133202545,0.00704469443192718,0.006540694395136617,-0.00030942942,-0.002051552890087836,-0.0038327315781183256,-0.0020261008423174617
2025-08-21,0.012636571965657789,0.0075261649939072995,0.006886808162913816,-0.0005725801,-0.0013178035335855752,-0.0026452203524169496,-0.0014904039173815149
2025-08-22,-0.0026377830643617853,0.0016631562345206742,0.0011425274747244327,-0.0007664336,-0.001780846253150606,-0.0015287627272925616,-0.0013478558919031232
2025-08-25,0.009420191929208597,0.007656217866350488,0.007086563189945702,0.00069724105,-0.0011927863986808255,-0.001874194306998086,-0.0007592489017704287
2025-08-26,0.005132723136336729,0.001317425665246639,0.0009055166620730645,-8.924138e-05,-0.00048725137259625015,-0.0019183449826438825,-0.0008136762013238707
2025-08-27,0.00894079103525418,0.0033961339426484107,0.0029273194035457375,3.016772e-06,-0.0011927690835788593,-0.002566462492632269,-0.001224294281965342
2025-08-28,-0.0018076532753705872,0.0027103520358419788,0.0021973858027922863,-0.00010932439,-0.0013178035335855752,-0.002015389456955276,-0.001125615013119942
2025-08-29,-0.010479415315868323,0.003592330040783954,0.003322131885326324,0.00052236207,-0.0011927690835788593,-0.0021259196955055576,-0.0009014809965318521
2025-09-02,0.03738232170686491,0.004275987282300334,0.004319490629351313,0.00052236207,-0.00048725137259625015,-0.0025876383362055024,-0.000818935541348341
2025-09-03,0.005478194691820946,0.0023050373671681373,0.00278791300323071,0.00055713364,-0.004029020027203367,-0.004501868250533453,-0.0025941712613494583
2025-09-04,-0.00037531238973336324,-0.0017808432741857818,-0.0011716457708254523,0.00073215953,-0.0004522006589450557,-0.003341599380550523,-0.0009793044533193034
2025-09-05,-0.007580043466470937,-0.0026401708830366853,-0.0015595421772525136,0.00027037383,-0.0008970529417985106,-0.00424963288566161,-0.0015803229475530752
2025-09-08,-0.014950591264106123,-0.005218331262677164,-0.003943590299518068,-0.00015494804,-0.0010221047069071919,-0.0034012326313822092,-0.0014936129427770813
2025-09-09,-0.0327913485579626,-0.007483682260525261,-0.006062482971672986,-0.00062286464,-0.0018460270232606762,-0.0037084069614252103,-0.0020266642182625843
2025-09-10,0.014185282152052413,-0.006396669778298925,-0.0053541139996207115,-0.0019045924,-0.00088677112008167,-0.0011324293113774203,-0.0013191245729564833
2025-09-11,0.017410578462299545,-0.007927852393001254,-0.007334293689176027,-0.002483203,-0.0014084346621444175,-0.0025310999055171038,-0.0021450678642869095
2025-09-12,0.011173206896220039,-0.0015548206477765186,-0.0010048625615183132,-0.0027346732,-0.0010452399414623962,-0.0018335196864014203,-0.0018862820976413798
2025-09-15,0.006107203194049533,-0.003734757407971202,-0.003501836250873905,-0.0015038534,-0.0010161671894626076,-0.0030339550285931236,-0.0018397736832155267
2025-09-16,0.0035210509004652986,-0.0023670280646812753,-0.0023045997194664106,-0.0008435012,-0.0008970702569004767,-0.0028591436727492757,-0.0015151002511263143
2025-09-17,-0.004655381783017964,0.0005861354612084655,6.573610145896541e-06,-0.0011544693,-0.0019836259841182952,-0.003013407930402846,-0.002030665736502897
2025-09-18,0.0315305699369118,-0.004370083553531676,-0.004833095438483396,-0.0017109504,-0.0019836259841182952,-0.003737695687449833,-0.0024583897149675297
2025-09-19,0.04219290013168558,-0.0009626994653693876,-0.001339333992290575,0.00017567474,0.0005276752259452657,-0.0013993008305447305,-0.00021931601091602308
2025-09-22,-0.006464066249566687,-0.005793950959748841,-0.006883454094850276,0.00018753765,-0.002729837726181207,-0.005370735070639714,-0.0025762389818347236
2025-09-23,-0.008367357647185152,-0.006034734836727481,-0.007090645980020814,7.519648e-05,-0.002570128592577159,-0.005048903417279164,-0.002458159553056016
2025-09-24,0.017911625985712415,-0.002054828687919328,-0.002926270586859033,-1.29283e-05,-0.00420396930977268,-0.0061654317544253085,-0.0033889115176691798
2025-09-25,-0.0055042148040742,-0.0021575929007588016,-0.0033224684679858487,-0.00018795418,-0.0033733998336813887,-0.009126932323138257,-0.00413674473868505
2025-09-26,-0.004040053534453041,-0.007199750517745121,-0.007777431998436652,-0.00042788172,-0.0033733998336813887,-0.00909239773572402,-0.004208652617668464
2025-09-29,0.0007857485936756352,-0.0009752760971659554,-0.0013283459639220436,6.333358e-05,-0.0021543249909938954,-0.005846792839503117,-0.002584180065508468
2025-09-30,0.0032151298202565005,-0.0018033226635113893,-0.0021373946699560276,0.00022298521,-0.0021543249909938954,-0.010576166126491931,-0.004063085435619068
2025-10-01,0.006555105475919997,6.713482385740498e-06,-0.0004032034304981587,-5.079448e-06,-0.001448772649807353,-0.010741906453429272,-0.003963514807802246
2025-10-02,0.0034552785601604428,-0.003000784451629754,-0.003333070156719541,-0.00015494804,-0.0022960162891313175,-0.010765306885024412,-0.004302017714685017
2025-10-03,-0.005167971387568354,-0.0032227209944658292,-0.0036946218046144,0.00018756498,-0.0014654468130400268,-0.010638302105559926,-0.0038686643342445938
2025-10-06,-0.0008183388500996244,0.0030559266191040827,0.002427334975378551,3.194074e-05,-0.001590498578148708,-0.010218602351233124,-0.003827601512266896
2025-10-07,0.006141440918380204,0.0033677347706637705,0.002636515981169722,0.0004156296,-0.0022960336042332843,-0.008461348156614255,-0.0033569711197473035
2025-10-08,-0.01570053155599148,0.0024789837037023964,0.001981086116064669,0.00051134493,-0.002421050739138033,-0.007147912523317603,-0.002938904946129846
2025-10-09,-0.03513195092238275,-0.0006104962542122737,-0.0009833398704917258,-0.00040236925,-0.003029765645633578,-0.008737810267480712,-0.003971628181208851
2025-10-10,0.009697182425175034,-0.0010315680929327642,-0.0010471475781331776,0.00022644336,-0.0026814020234869787,-0.007043116171154221,-0.0030893325977978036
2025-10-13,0.00044402022615236544,0.002524860647433201,0.002715649029438759,-0.0005781333,-0.0027938038085347718,-0.00411170436340461,-0.0024541018533126356
2025-10-14,0.006316514957929752,-0.000602981758316826,-0.00016173935305193864,-0.0006150784,-0.003443089155414173,-0.00285261602696936,-0.002272261045411421
2025-10-15,-0.007608909806463546,8.72748278157062e-06,0.0006796130982061395,-0.0021464287,-0.0024722232991201375,-0.005386771410988351,-0.0033050946689683336
2025-10-16,0.019370654536732482,-0.006805572849549905,-0.005677255550543532,-0.0013566121,-0.001469608630942549,-0.005576507616361459,-0.0027628916046991544
2025-10-17,0.03868092101339173,-0.004225671436858636,-0.0031930611454989237,-0.0019402434,-0.003121923958241687,-0.004927005816345385,-0.003298470532736569
2025-10-20,0.0020190045980656188,2.6149474507606218e-05,0.0008666432533162184,-0.0004089667,-0.003261617777836218,-0.004311247233755516,-0.002614285403937427
2025-10-21,-0.01657682531661047,-0.004331096537233604,-0.003921871123810728,0.00027037383,-0.0021767586800743076,-0.00500575211324559,-0.002247015124595538
2025-10-22,0.0043625258369113535,-0.007579556279306062,-0.007156103275388631,-0.0014144037,-0.0044541679936569226,-0.006453200899930071,-0.0040501253156026585
2025-10-23,0.012404587722707566,-0.003159717658540476,-0.0032697347330476394,-0.0015706894,-0.0045628602969056,-0.006161854861241349,-0.004045542409920598
2025-10-24,0.022535356074125084,-0.008416132034218081,-0.008487542899963216,-0.0008221597,-0.004134682177284821,-0.005105475854007246,-0.0033025633230308192
2025-10-27,0.0007065288197559364,-0.006935334421918462,-0.007078950460601521,-0.00029324318,-0.004495549656203025,-0.005276982680622442,-0.0032938171166304203
2025-10-28,0.0025989767572192316,-0.004646141951056535,-0.005058702267007175,0.00022298521,-0.0036599743085999753,-0.0034780734468855606,-0.0022562744906424433
2025-10-29,0.006283466664280875,-0.005504159182804047,-0.006140636734837046,-0.00033975698,-0.002905962108610217,-0.003209626878396899,-0.0021158280975480657
2025-10-30,-0.003802376160255665,-0.0048112944309841015,-0.005510909769601247,-0.00032745436,-0.002905962108610217,-0.004369013455068321,-0.002487671472782241
2025-10-31,-0.004894071892846057,-0.009116519211040734,-0.0096397129407274,-0.000652856,-0.0020439693775005435,-0.00411309655678315,-0.002233516959983046
2025-11-03,0.0036728825801045834,-0.0024282567552838816,-0.003029051993061992,0.00014017631,-0.004144086196903821,-0.004725012284988213,-0.0028488844954120103
2025-11-04,0.00037018397954444794,-0.0012191034776801617,-0.00186113822525793,0.0004156296,-0.004144086196903821,-0.0051128792590061966,-0.002879291528129657
2025-11-05,-0.0013706039944364156,-0.0038808053364330613,-0.004394088843359333,-0.00048044126,-0.0040017343981854,-0.00511628276785443,-0.0031439181229207113
2025-11-06,-0.0048305427121975416,-0.005391963246557388,-0.005857589776482101,-0.00020498798,-0.0024285354046009932,-0.0038838420854131125,-0.0021306429196576372
2025-11-07,0.004538267036518442,-0.0048818579336090935,-0.0054295633080645184,-0.0005784511,-0.0030401958058723305,-0.00415987249012844,-0.0025509745635838065
2025-11-10,0.021371261548658933,-0.0017475895635435058,-0.002373864282216537,-0.00026303492,-0.003307582054597468,-0.003667394249247634,-0.0023700047615621564
2025-11-11,-0.006487751089554257,-0.002298736052575732,-0.002554788001530531,0.00033346942,-0.0031825476045907524,-0.0032820189607155243,-0.001997186075473144
2025-11-12,-0.001903436960562969,-0.002400651671767273,-0.002583032910599631,-0.0002520622,-0.0025535698546077087,-0.0039623585159069,-0.0022135939992281024
2025-11-13,-0.0019802422957864835,-0.004174055519645874,-0.004149689578602158,-2.3997534e-05,-0.0036013217045925325,-0.005059225212534282,-0.0028354406423723535
2025-11-14,-0.018338397301833606,-0.007736502652070756,-0.007691826930454794,-0.0008085433,-0.0040345848461113,-0.005126050108640262,-0.003271558847795358
2025-11-17,-7.47637995860424e-05,-0.00822232575519202,-0.00790554271431824,-0.0009949175,-0.0049639964818097996,-0.005183353200514844,-0.003660763230903095
2025-11-18,0.004179213098975278,-0.004462321662884963,-0.004285886231902691,0.00015650227,-0.004385955001710524,-0.005957471994324788,-0.0033226865117284418
2025-11-19,-0.008638668653641398,-0.006976412238825176,-0.006569872276358319,-0.00022434059,-0.004185382622479771,-0.0047319977616639775,-0.0029910181498085152
2025-11-20,0.01948948732721377,-0.013011788465891976,-0.012419521336325557,-0.00011160492,-0.0036965268502832955,-0.007512998062864177,-0.0036931428056113935
2025-11-21,0.016185880529873065,-0.006166350594598311,-0.005503429822001455,-6.515811e-05,-0.0038358884804969664,-0.005084355346016842,-0.0029350937189993563
2025-11-24,0.0037980518798046425,0.0015680261356463365,0.0023745043168208915,0.00077693706,-0.004888694377274577,-0.0025646039378146666,-0.002172673597595956
2025-11-25,0.002091988799439141,-0.00896007755181027,-0.00831717470192601,0.00045932745,-0.004888694377274577,-0.0033279185172360635,-0.002530312805971138
2025-11-26,0.00467286127681409,-0.0063044815006118235,-0.005749217260380862,0.00077693706,-0.0040037130610630425,-0.00483132088561853,-0.002616572228035071
2025-11-28,0.0151262172065036,-0.008564301408572434,-0.008200712715238685,0.00077693706,-0.00496525165337611,-0.004937248733812898,-0.002967569880438017
2025-12-01,0.010855696011275954,-0.008234904521528258,-0.0077258234400716125,0.00063743687,-0.005191838046888642,-0.0035481695266734235,-0.002639890335514706
2025-12-02,-0.007153684504557431,-0.012158298584694657,-0.011638361959895104,0.00036198358,-0.004355333904582291,-0.0042706609704287616,-0.00269422277037518
2025-12-03,-0.012215789741831256,-0.014310856412997206,-0.014031279884806475,-0.00045259306,-0.0027799988639001993,-0.003787206755021002,-0.0023008017282414787
2025-12-04,-0.00686355564689062,-0.01014423517270358,-0.009921696740308331,0.00023258134,-0.003353386324489195,-0.0038119276449362044,-0.0022602932680508185
2025-12-05,-0.003197540392983899,-0.008854601032825718,-0.008693241512195743,0.00023258134,-0.003208176983520979,-0.003724056611388633,-0.0021839704687871535
2025-12-08,-0.0025582223487182498,-0.006646917307598141,-0.006711220743142843,0.0005552767,-0.003929347084698833,-0.0031804095713678653,-0.0021333110187221533
2025-12-09,0.005755762741702212,-0.00649584130408363,-0.006897668576725186,0.0001403232,-0.005866292730524705,-0.0029141033150627688,-0.002828497356317957
2025-12-10,-0.0026938721785778564,-0.006168430660533668,-0.0066283152371445,-0.000104802544,-0.004078748408601754,-0.0032622639183023648,-0.002437713867568584
2025-12-11,0.0008986907156853279,-0.006970411874531417,-0.007505730915546769,-1.386294e-05,-0.0025269793867680923,-0.002303867558274716,-0.0015843110704427173
2025-12-12,-0.015098298686657966,-0.003241401070402255,-0.003963036524894248,0.0008892782,-0.0008600350819054127,-0.0014361146420503576,-0.0004410391704467758
2025-12-15,0.0018224664254049999,-0.005482165164936106,-0.0060166127535219265,-0.00099211,-0.005579486343748746,-0.00957264768725933,-0.005286358669444789
2025-12-16,-0.010138247658845124,-0.002598210425868098,-0.0030085670578120847,-0.001130104,-0.0025156040254902907,-0.006539030603587957,-0.0033411179316678316
2025-12-17,0.001286746577224654,-0.0049863856137798935,-0.005495695519557827,0.00014527855,-0.00218213029424643,-0.00592414029799955,-0.0025900421303098114
2025-12-18,0.005422681951884745,-0.005051417793834725,-0.005524738943110642,-0.0012864732,-0.004804376689190119,-0.007696661087911979,-0.004524512431058974
2025-12-19,-0.009914939859583293,-0.0026691057214935227,-0.00266310792274907,0.00013753217,-0.002360718627081736,-0.005453081401952089,-0.002498723106498961
2025-12-22,0.005116600880012278,-0.010512615715320276,-0.010644633331040328,-5.282666e-05,-0.002087425905869509,-0.00656060092909582,-0.002833947447473475
2025-12-23,0.005309660095674185,-0.006122477402705778,-0.006316707527725331,-0.00076706894,-0.002537106753760522,-0.006937846983142763,-0.003351819490517688
2025-12-24,-0.0014984030103084444,-0.0065600830880829354,-0.006608244744696105,-0.0005355239,-0.0022339457690444898,-0.007024428682647438,-0.0031998684934219637
2025-12-26,0.0013159300206065142,-0.007977047446829448,-0.007924396330907444,-0.0005355239,-0.002633033821563516,-0.006979435682969005,-0.0033166924600207953
2025-12-29,-0.0024872503984942067,-0.0059712121859778365,-0.005803620861339472,-0.0005355239,-0.0026330511366654827,-0.007283383607997633,-0.00341529886876316
2025-12-30,-0.004477472540670465,-0.0065489830784548906,-0.006542050899528299,-0.0002066906,-0.00220993138623592,-0.006107858093674546,-0.0027807171913382758
2025-12-31,-0.003131377948914837,-0.006730921366189881,-0.0066759204834656765,-0.00071723596,-0.002209914071133954,-0.007106207500464872,-0.0032814289407160618
2026-01-02,-0.01393373781601678,-0.014176272348446185,-0.01431396624977941,-0.0007398317,-0.0014084346621444175,-0.006404151345420209,-0.002797581938802353
2026-01-05,-0.018504424048275635,-0.013084791402247142,-0.013100325005528681,-0.0008192793,-0.002541364990310351,-0.007829144966923446,-0.003660444466970593
2026-01-06,-0.007767586346101093,-0.005386346007554681,-0.0053771507505144325,0.00029329825,-0.0036848821380780165,-0.00863613734968692,-0.003913396133497819
2026-01-07,-0.004967528026699398,-0.002343655673741391,-0.0024179835864214356,-0.00014458285,-0.0004628920647955688,-0.004430541681332934,-0.001639781575988059
2026-01-08,0.0012730781005779077,-0.001956948766373953,-0.002140268946755276,9.1448564e-05,-0.00029596044390497593,-0.004105226851527802,-0.001397517584315243
2026-01-09,0.0033870509285561217,-0.001256757295714976,-0.001476551681338888,-0.00043854452,-0.0016673784879599968,-0.004174443735952868,-0.002055169107223743
2026-01-12,0.003069277518178039,-0.004507030274298508,-0.0046275388515025166,-0.0016217252,-0.0019446222872405079,-0.0037207242156215375,-0.0024091326244637936
2026-01-13,-0.004184200562639289,-0.0021636808882365558,-0.002347355929481774,-0.0011780711,-0.0018304932335214289,-0.0044645969169858695,-0.0024591805024078046
2026-01-14,-0.006754488045120549,-0.0039036541957686117,-0.004154878470953568,-0.00060011947,-0.0020241434727378015,-0.003933428751910573,-0.002150436117687183
2026-01-15,-0.0104334609449757,-0.0007448796176541723,-0.0010389407271614308,0.0005465651,-0.0020241434727378015,-0.0033151072649820574,-0.0015526410899803968
2026-01-16,-0.03516675157780259,0.0008428139046508115,0.0007383381529917434,-5.0878996e-05,-0.0020241434727378015,-0.004029746127681132,-0.001991424574218546
2026-01-20,0.0038434513252299496,0.00785264619548403,0.007646151685645933,0.0012222916,-0.006013711910370722,0.0007240329262948609,-0.0013220372529062251
2026-01-21,0.002822574664753265,0.00592984701303387,0.005470936591649064,0.00069293135,0.0012816141133292897,-0.00017535934775509478,0.0006051803666296504
2026-01-22,-0.0012490498169329728,0.004884853247914313,0.004554324888533452,0.001031133,-0.0002672441725692628,0.0014169507833975631,0.0007288397999024467
2026-01-23,0.029280156810427234,0.0034734434525792984,0.0031842341120777847,-0.00053468574,-0.00033184856449675857,0.0008931504859676844,-4.75484730109825e-06
2026-01-26,0.01113537016267108,0.0025597576533678192,0.002228931457637612,-0.00016257315,-0.002986628096454115,-0.005052539659598644,-0.002678855838507247
2026-01-27,-0.007110802091642614,0.0025048838931774325,0.0018700017637247367,0.00010807153,-0.0024093838289160822,-0.0038711952891495633,-0.002011789869670056
2026-01-28,0.00714951195007178,-0.0011110326881922444,-0.001477694251428663,-0.0006592049,-0.0020784913793558866,-0.004047331858675158,-0.002225750232628156
2026-01-29,0.004635516244257892,-0.002192877889440165,-0.00266905304822033,-0.00031782826,-0.002655750345166246,-0.005415615323223626,-0.002741459908322591
2026-01-30,0.03977922983061694,-0.002088304699695646,-0.0025782199046338774,0.00042974623,-0.0009209024130485331,-0.0032328479320434993,-0.0012031249491499018
2026-02-02,-0.0019647246882501424,-0.005050525850276925,-0.0053561601075356405,0.00079055585,-0.008059751612628918,-0.008605923339951872,-0.005171989202957396
2026-02-03,0.025680287047938025,-0.010227267217572627,-0.010297079076016711,-0.00080901047,-0.003301644537152884,-0.006505957640684456,-0.0034780054247478278
2026-02-04,-0.0020997961220096443,-0.006867237580921665,-0.0074628937823881195,0.00022045225,-0.0017954180777551261,-0.0058921432916441314,-0.0024262778037455247
2026-02-05,0.00797784107081465,-0.004114525096431032,-0.004586809305040645,0.00022045225,-0.0025535698546077087,-0.0058783959963325865,-0.002671477561264015
2026-02-06,-0.011729000497211482,-0.010571481933515316,-0.010963676219213778,-0.0003760521,-0.0030401958058723305,-0.007078282534282144,-0.003427595785304234
2026-02-09,-0.003428831498793266,-0.00709931197423975,-0.006520706052987368,0.0007453613,-0.0033424466545417175,-0.0040229162966647514,-0.002147508582377073
2026-02-10,0.006628103245317512,-0.005528230076639129,-0.004914750333815565,0.00022045225,-0.004013117080682044,-0.004776843694493746,-0.002794762896093773
2026-02-11,-0.05127407257936166,-0.005883219219862138,-0.005166508439970729,0.0004501501,-0.0025535698546077087,-0.005342980733760794,-0.0024182215096502655
2026-02-12,-0.022995839415095466,-0.0037372524668152062,-0.0030104993942169545,-0.0012113448,-0.011939406691537716,-0.0083827515815276,-0.007070621096389515
2026-02-13,0.03117681438621338,0.004617140853449075,0.00441636389757804,-0.0010997251,-0.0028696938147176015,-0.005144144877216792,-0.0029946955521281855
2026-02-17,0.0017795532383034164,-0.0034905602365169217,-0.002938718139007543,-0.00059278886,-0.004525431194120504,-0.004173532501980629,-0.0030494604971019676
2026-02-18,-0.014364224365880748,-0.004185989714422224,-0.0037188809673345826,-0.000722338,-0.0034134912925289857,-0.006099951341966715,-0.0033531047811129595
2026-02-19,0.015233823534795543,-0.0022386916296285517,-0.0019212530451747567,-0.0010609515,-0.005697351914572735,-0.0053532888494205455,-0.00398025848406824
2026-02-20,0.00602904668779855,-0.005280953110985632,-0.0044609616720574325,-0.00079641736,-0.003777657036200237,-0.005525816950655983,-0.0033124364441070465
2026-02-23,0.022144036649487702,-0.002794131253486926,-0.001990635347730432,-0.0003174825,-0.00472650134032637,-0.004492491761185706,-0.003123777157965432
2026-02-24,0.007650520846136862,-0.005511146866996448,-0.0047477635111065715,6.602278e-05,-0.003165873441358078,-0.005496183570739507,-0.002802613784392124
2026-02-25,-0.0046786052410885525,-0.007034585544129326,-0.0062982258853981595,-0.00046915922,-0.0028142525978388302,-0.004557439733497939,-0.0025676835797118647
2026-02-26,-0.032657957379533524,-0.009574065617423662,-0.008931972251439648,-3.5717705e-05,-0.0031173962674528955,-0.004155669833650569,-0.002387030498036292
2026-02-27,0.002041924719824955,-0.00809879125953822,-0.006974901264396661,0.00049606344,-0.003383770868545887,-0.002406011898710992,-0.001722949628668345
2026-03-02,-0.0036708976244395467,-0.007662326811420371,-0.0066525579545368965,-0.0006736907,-0.004038837713531854,-0.006163889934351112,-0.0035629215989421187
2026-03-03,-0.004674468498819032,-0.007327359817034499,-0.006583600155629959,-0.0009412216,-0.0035324175842824704,-0.00557726340950855,-0.0032985285137000055
2026-03-04,-0.008530831338801404,-0.0075235535528294355,-0.006813059191786061,-0.0016739754,-0.0032848344629721345,-0.006958270928959826,-0.003918824145277219
2026-03-05,-0.01093213459894777,-0.007875742539454273,-0.007490771544419262,-0.0014695995,-0.002673174061700797,-0.004902655186404757,-0.002979766862175768
2026-03-06,0.009355669414157603,-0.010173047829755947,-0.009730359492570485,-0.0010267812,-0.004052017372190173,-0.006771894282295397,-0.003886808806528019
2026-03-09,0.003648874557014285,-0.007027567278785937,-0.0069100130560294385,-0.0014617643,-0.0031609234744015215,-0.008345238156447632,-0.004254442494239291
2026-03-10,-7.670972662595488e-05,-0.010767069743532828,-0.010738292879662,-0.0023187236,-0.006365648893930988,-0.007194852841858726,-0.005233424267593215
2026-03-11,-0.0195526595655038,-0.009289639346444379,-0.009622809854239576,-0.0025629378,-0.005977349440345865,-0.008759742486245937,-0.005697803271117128
2026-03-12,-0.02229865363447962,-0.010320397504970073,-0.010834794683720976,-0.0016637786,-0.005046803334021932,-0.0072789132478623024,-0.004599524647278669
2026-03-13,0.010737011185857437,-0.006653439104768657,-0.007686090643235164,-0.0006293994,-0.005012627515619043,-0.007099185501095667,-0.004171657956390554
2026-03-16,0.005561553592463054,-0.0022905018792789486,-0.003786007967264625,2.9975738e-05,-0.0039710950629930335,-0.004191939781377497,-0.00265716327381371
2026-03-17,-0.017018440434935896,-4.9292490505887685e-05,-0.0017525290489145149,-0.0015026282,-0.004320100686388268,-0.005920391887593274,-0.003863694708757075
2026-03-18,-0.003928637969992818,-0.0009631554207277075,-0.0026162788900117103,-0.0007481753,-0.004613858053664244,-0.00680271211897853,-0.0039853111906633185
2026-03-19,-0.0039038546496206693,-0.0009879180359023809,-0.002439784194655467,0.00030489382,-0.003948770656611839,-0.004651772619988711,-0.0027037499973840825
2026-03-20,0.014014812591042392,0.005452275615880023,0.004237382383979508,0.0007389826,-0.0038546545588660675,-0.0036711297477757024,-0.0022042686807235796
2026-03-23,0.0005962460475602484,0.0012608448565274407,-0.00018602840914851918,-0.0013458468,-0.0047012680639294665,-0.005248794589057953,-0.0037170378470242375
2026-03-24,0.0038868788463975487,0.0017587897047945727,0.0003969469293187612,-0.0023289637,-0.0038474280637032254,-0.005181115515791255,-0.0037544649344789923
2026-03-25,0.0010682625170895263,-0.0019320105798771362,-0.0033261411583150086,-0.0027270336,-0.005717638438545189,-0.005584912875126812,-0.00463920846184983
2026-03-26,-0.016305280196262602,-0.0007085901420955016,-0.002172674229880184,-0.0026144837,-0.003215269474744387,-0.005693346441023955,-0.0038113669523980615
2026-03-27,-0.008760109701824332,-0.0027309389048585106,-0.004112775498771852,-0.0023854082,-0.004825843609516308,-0.006117851004240256,-0.004400086526922556
2026-03-30,0.02861786495948073,-0.0018000198781287036,-0.003203850415162204,-0.0012689425,-0.0054366904730278375,-0.005863494770224949,-0.004131981546875112
2026-03-31,0.007223978636376895,-0.0010707951712181417,-0.0024329399510035856,-0.0036376426,-0.008201739074550123,-0.006910916714170428,-0.006202813386365663
2026-04-01,0.0011338123573076417,0.0023844896216731557,0.001352470692673335,0.00021682281,-0.002958288707900427,-0.005291958124916772,-0.0026157682687100443
2026-04-02,0.01142239161475063,-0.004436834365426527,-0.0051118754849226525,-0.00014509188,-0.0032394379503623704,-0.005839761436414894,-0.0030114253538485953
2026-04-06,-0.020923456036972127,-0.00837626167246857,-0.008898548358328113,-0.0010406493,-0.004474430837144422,-0.0054281605182683315,-0.003594806234846092
2026-04-07,0.02107802518992581,-0.010911843933009648,-0.010916602326628494,-0.0005667886,-0.005294857618829282,-0.008040588885804677,-0.004548299209194118
2026-04-08,0.006122567123347408,-0.006468989691727585,-0.006377576182701787,0.00080751703,-0.004670087307984315,-0.0051902619357840655,-0.0029418568230486085
2026-04-09,-3.8345556912621514e-05,-0.004280028391042413,-0.004096995399815825,0.0006888123,-0.004122809993625175,-0.00523861257884521,-0.00281844268434806
2026-04-10,-0.0049260673756055485,-0.005834904983952934,-0.005406520777411737,0.00012607007,-0.0035953841871479496,-0.007245398681976418,-0.003490696676586803
2026-04-13,-0.0014286068821369137,-0.008651973283536193,-0.00797990213021487,-0.00032329618,-0.004474430837144422,-0.006065844570177983,-0.00355317984660508
2026-04-14,0.028940120889102108,-0.007670508149230072,-0.0068399575409013695,-0.0004736599,-0.003927155784961511,-0.006390392150900502,-0.0035303313974266604
2026-04-15,-0.011437796552710188,-0.004169547182300029,-0.003433222277087146,0.0007751315,-0.003476287254585817,-0.005709078101228656,-0.002728260792022561
2026-04-16,0.025599724502604514,-0.009145766992052343,-0.008291967058546122,0.0002706331,-0.003476287254585817,-0.004656463819793802,-0.0025615509473656288
2026-04-17,0.010381401662850636,-0.01102389940736799,-0.010435630602983928,-0.00018663029,-0.0030831425335142645,-0.006466116077301786,-0.0031775356232582007
2026-04-20,-0.02551957602598669,-0.004773267394355037,-0.004592636778592889,0.0007751315,-0.0031825476045907524,-0.004688035132724379,-0.0023003059862963986
2026-04-21,0.025959122658055597,-0.005766976657641251,-0.005105677838524039,0.0007751315,-0.0038677028597189165,-0.007160567308929423,-0.0033280170497710197
2026-04-22,0.0009512419139857489,-0.008894721226980411,-0.008289753193345404,-1.160441e-05,-0.0025535698546077087,-0.006308270295013101,-0.002891313204227065
2026-04-23,-0.00870548556450589,-0.007631623380504852,-0.007359295500485039,0.00032174925,-0.0024285354046009932,-0.005413836388222255,-0.0024445112921571343
2026-04-24,-0.012809554739298108,-0.005142068391455049,-0.004720000663683477,0.00016994643,-0.0025535698546077087,-0.006121985900122859,-0.002767993337121887
2026-04-27,0.011517520751980868,-0.007456454299087513,-0.006844572566445764,0.0004487426,-0.0030048101485301024,-0.003965470199288383,-0.0021204380829757856
2026-04-28,-0.0019966978339397375,-0.0035285373332883865,-0.002804923328407328,0.0006356313,-0.003307582054597468,-0.005285272296728818,-0.002583546417175708
2026-04-29,0.0043581493936293405,-0.0024031361615385527,-0.0017392319890260125,-0.00018752048,-0.0025535698546077087,-0.005222758354014249,-0.0026001104570194415
2026-04-30,0.03187991038650981,-0.008330930441489151,-0.007244774580565194,-0.00024108474,0.0002608750250699155,-0.0033941786125754416,-0.0010986771496373812
2026-05-01,-0.011885962197690256,-0.011190062392406348,-0.010078514753399489,2.7111237e-06,-0.0014098522468082052,-0.0038200770841569586,-0.0017025582177730319
2026-05-04,0.026204338554427865,-0.01208190000342093,-0.011157740933324044,0.0007751315,-0.0030408389913513635,-0.003627186285730827,-0.0019095019739919596
2026-05-05,0.011649801728447845,-0.010372417628654781,-0.009596822035695758,0.0006395718,-0.003927028978314927,-0.006673352695437602,-0.0032364585862966607
2026-05-06,-0.00024353676707370125,-0.012095347107268695,-0.011843458405064863,0.00023166595,-0.0022868267913616043,-0.005282292149012672,-0.002386378552423093
2026-05-07,0.020250074126795237,-0.011219566479788256,-0.011108569843530732,0.00033695495,-0.0024285354046009932,-0.004672602656780683,-0.002198787814785683
2026-05-08,-0.0012634684139431265,-0.012396246618859125,-0.012229249809510468,0.00032906898,-0.00241186124136832,-0.00927021464876698,-0.003687494050388061
2026-05-11,0.007217281916175962,-0.013559197723624449,-0.013724517630659488,0.00074736524,-0.0030408389913513635,-0.0075159038618051515,-0.003180620189559812
2026-05-12,0.013711560991706276,-0.008231221271565805,-0.008401387938240305,0.0007440224,-0.003165873441358078,-0.00802115992397352,-0.0033868570255129933
2026-05-13,-0.002210772244144634,-0.009164238784785162,-0.009479353668568119,-5.079448e-06,-0.00241186124136832,-0.013897396560608144,-0.005304300871772098
2026-05-14,0.006750976522238501,-0.013134897108842955,-0.013506711509787698,0.00032906898,-0.002125391734986929,-0.011507208829563544,-0.004318840554187074
2026-05-15,-0.007992466908238653,-0.008444423494692346,-0.008905619735520372,0.00014672335,-0.0024285354046009932,-0.011731039413783178,-0.004554440925927308
2026-05-18,0.003786820722815226,-0.007963508324375246,-0.008423722826112522,0.00018180934,-0.004138151530688759,-0.011890037470987982,-0.005156842700940663
2026-05-19,0.010911251503184886,-0.002802145599910184,-0.003219918005450854,0.00040987402,-0.003307582054597468,-0.01155124693343617,-0.004694430916454866
2026-05-20,0.009024467670268961,-0.006955718297719819,-0.007714330451498446,0.00022832309,-0.0025535698546077087,-0.011572401607754763,-0.004515886520220267
2026-05-21,0.012479649444335736,-0.00829583730442583,-0.009138920278403906,0.0005551298,-0.002125391734986929,-0.010821168177115878,-0.004017981501814233
2026-05-22,-0.0015880121843198519,-0.013051448728685374,-0.014045423373764588,0.00051595777,-0.0025535698546077087,-0.011261060739030847,-0.0043152508844278206
2026-05-26,0.008139905925081868,-0.007835254042104983,-0.008774889828541159,0.00066121353,-0.0031825476045907524,-0.010936625177966085,-0.004366809767645247
2026-05-27,0.005325999563197865,-0.006993364183081399,-0.008021323892258658,0.0008892782,-0.002125391734986929,-0.010741909161161908,-0.003876520858306306
2026-05-28,-0.0014410307239461104,-0.005605634151724908,-0.00654111077596367,0.0008892782,-0.0025535698546077087,-0.010855096673022226,-0.004054237941944917
2026-05-29,-0.0185978161231111,-0.009049474440068175,-0.009631978132355529,0.00066121353,-0.002125391734986929,-0.01064943534045459,-0.00392552395649598
2026-06-01,0.02860974364520492,-0.009907560289328755,-0.010225499149296532,0.0005551298,-0.003742668409712201,-0.0114978197528825,-0.004770056481979957
2026-06-02,-0.0157967095998125,-0.010844633153608247,-0.010856863356684539,0.0008892782,-0.0031825476045907524,-0.011560305925681257,-0.0044901301965769224
2026-06-03,0.0031215368741391546,-0.011767925447939939,-0.011811732449993452,-0.0001634977,-0.0031622847611032547,-0.012150702379990748,-0.005039663823221754
2026-06-04,-0.012577609274253502,-0.010116694435329676,-0.010355444301631746,-0.00039156235,-0.0025535698546077087,-0.0112002412594574,-0.004609886011724943
2026-06-05,-0.01905190902330898,-0.0049659101578673134,-0.005383654548159439,-0.00026286909,-0.0007143951630427147,-0.00861137611106066,-0.0031198385904599576
2026-06-08,-0.03712706918079524,-0.007310029780755104,-0.0070492528554564025,-0.00028162412,-0.005263903059854347,-0.013392956437899768,-0.006175632937840127
2026-06-09,0.0035387281174611347,-0.014053886863701043,-0.01422066124900978,-0.0013800926,-0.008282719407708222,-0.00993382407357276,-0.00642809608970518
2026-06-10,0.013794324313997033,-0.0033503725255941037,-0.0034407916686476484,-0.0014572131,-0.0021063759877474448,-0.008963365907322825,-0.004106124094772175
2026-06-11,-0.015338769356976291,-0.013756630604841297,-0.01374173815749817,-0.0019466913,-0.004425913195449857,-0.011440256357000012,-0.005843006208302151
2026-06-12,0.018007493246393634,-0.015537176540478271,-0.015652756338439655,-0.0008704467,-0.005733350751192877,-0.005378054300587276,-0.003934155944137058
2026-06-15,0.009468481540986734,-0.012145775147085858,-0.01216805070751952,-0.0019792116,-0.004372903253559781,-0.008095564212252323,-0.004751796947713504
2026-06-16,-0.011055331985774613,-0.013670408994618712,-0.013905569622876136,-0.0013907898,-0.004676046923173847,-0.005335186794363618,-0.003752326406866316
2026-06-17,0.0069365133751416366,-0.008612041155777843,-0.00877303317481153,-0.0017065839,-0.003292233218393461,-0.006691753808325869,-0.003846098005557691
